20/05/2024 16:34:47,ISSO É UM TITULO DE TESTE 01,Lorem ipsum dolor sit amet consectetur adipiscing elit. Maecenas laoreet mauris vitae felis condimentum fermentum.
20/05/2024 16:35:05,ISSO É UM TITULO DE TESTE 02,Lorem ipsum dolor sit amet consectetur adipiscing elit. Maecenas laoreet mauris vitae felis condimentum fermentum.
20/05/2024 16:35:47,ISSO É UM TITULO DE TESTE 03,Lorem ipsum dolor sit amet consectetur adipiscing elit. Maecenas laoreet mauris vitae felis condimentum fermentum.
20/05/2024 16:36:05,ISSO É UM TITULO DE TESTE 04,Lorem ipsum dolor sit amet consectetur adipiscing elit. Maecenas laoreet mauris vitae felis condimentum fermentum.
20/05/2024 16:37:47,ISSO É UM TITULO DE TESTE 05,Lorem ipsum dolor sit amet consectetur adipiscing elit. Maecenas laoreet mauris vitae felis condimentum fermentum.
20/05/2024 16:38:05,ISSO É UM TITULO DE TESTE 06,Lorem ipsum dolor sit amet consectetur adipiscing elit. Maecenas laoreet mauris vitae felis condimentum fermentum.
20/05/2024 16:39:47,ISSO É UM TITULO DE TESTE 07,Lorem ipsum dolor sit amet consectetur adipiscing elit. Maecenas laoreet mauris vitae felis condimentum fermentum.
20/05/2024 16:40:05,ISSO É UM TITULO DE TESTE 09,Lorem ipsum dolor sit amet consectetur adipiscing elit. Maecenas laoreet mauris vitae felis condimentum fermentum.
20/05/2024 16:40:05,ISSO É UM TITULO DE TESTE 10,Lorem ipsum dolor sit amet consectetur adipiscing elit. Maecenas laoreet mauris vitae felis condimentum fermentum.
20/05/2024 16:40:05,ISSO É UM TITULO DE TESTE 11,Lorem ipsum dolor sit amet consectetur adipiscing elit. Maecenas laoreet mauris vitae felis condimentum fermentum.
20/05/2024 16:40:05,ISSO É UM TITULO DE TESTE 12,Lorem ipsum dolor sit amet consectetur adipiscing elit. Maecenas laoreet mauris vitae felis condimentum fermentum.
